,feedback_date
2020-10-01T22:37:09-05:00,1
2020-10-28T21:08:39-05:00,1
2020-10-29T17:13:21-05:00,1
2020-10-29T17:13:52-05:00,1
2020-10-29T17:14:59-05:00,1
2020-10-29T17:21:11-05:00,1
2020-10-29T17:21:39-05:00,1
2020-10-29T17:25:16-05:00,1
2020-10-29T17:26:50-05:00,1
2020-10-29T17:28:46-05:00,1
2020-10-29T17:31:01-05:00,1
2020-10-29T17:32:40-05:00,1
2020-10-29T17:33:14-05:00,1
2020-10-29T17:35:02-05:00,1
2020-10-29T17:38:00-05:00,1
2020-10-29T17:40:08-05:00,1
2020-10-29T17:40:30-05:00,1
2020-10-29T17:52:58-05:00,1
2020-10-29T17:58:42-05:00,1
2020-10-29T17:59:38-05:00,1
2020-10-29T18:00:46-05:00,1
2020-10-29T18:02:16-05:00,1
2020-10-29T18:03:34-05:00,1
2020-10-29T18:09:10-05:00,1
2020-10-29T18:11:36-05:00,1
2020-10-29T18:14:30-05:00,1
2020-10-29T18:29:53-05:00,1
2020-10-29T18:30:28-05:00,1
2020-10-29T18:31:50-05:00,1
2020-10-29T18:33:30-05:00,1
2020-10-29T18:48:59-05:00,1
2020-10-29T18:50:28-05:00,1
2020-10-29T18:51:35-05:00,1
2020-10-29T18:52:11-05:00,1
2020-10-29T18:52:36-05:00,1
2020-10-29T19:02:08-05:00,1
2020-10-29T19:03:46-05:00,1
2020-10-29T19:17:37-05:00,1
2020-10-29T19:19:07-05:00,1
2020-10-29T19:36:19-05:00,1
2020-10-29T19:38:56-05:00,1
2020-10-29T19:41:05-05:00,1
2020-10-29T19:52:19-05:00,1
2020-10-29T19:55:14-05:00,1
2020-10-29T20:18:59-05:00,1
2020-10-29T20:25:26-05:00,1
2020-10-29T20:37:45-05:00,1
2020-10-29T20:51:42-05:00,1
2020-10-29T21:08:46-05:00,1
2020-10-29T21:13:48-05:00,1
2020-10-29T21:30:34-05:00,1
2020-10-29T21:40:07-05:00,1
2020-10-29T21:49:37-05:00,1
2020-10-29T21:55:50-05:00,1
2020-10-29T22:27:31-05:00,1
2020-10-29T22:33:08-05:00,1
2020-10-29T22:58:53-05:00,1
2020-10-29T23:20:37-05:00,1
2020-10-29T23:32:46-05:00,1
2020-10-29T23:46:40-05:00,1
2020-10-29T23:49:07-05:00,1
2020-10-29T23:51:07-05:00,1
2020-10-29T23:57:11-05:00,1
2020-10-30T00:34:03-05:00,1
2020-10-30T00:43:26-05:00,1
2020-10-30T01:03:58-05:00,1
2020-10-30T01:20:18-05:00,1
2020-10-30T01:28:12-05:00,1
2020-10-30T01:45:35-05:00,1
2020-10-30T02:21:07-05:00,1
2020-10-30T02:26:54-05:00,1
2020-10-30T03:01:19-05:00,1
2020-10-30T03:32:59-05:00,1
2020-10-30T03:43:15-05:00,1
2020-10-30T03:44:14-05:00,1
2020-10-30T03:54:25-05:00,1
2020-10-30T12:33:23-05:00,1
2020-10-30T12:43:14-05:00,1
2020-10-30T13:02:09-05:00,1
2020-10-30T14:18:21-05:00,1
2020-10-30T14:18:22-05:00,1
2020-10-30T14:18:24-05:00,1
2020-10-30T14:25:52-05:00,1
2020-10-30T15:19:44-05:00,1
2020-10-30T15:45:51-05:00,1
2020-10-30T15:59:47-05:00,1
2020-10-30T16:59:32-05:00,1
2020-10-30T19:25:50-05:00,1
2020-10-30T22:23:46-05:00,1
2020-10-31T01:26:49-05:00,1
2020-10-31T14:28:40-05:00,1
2020-10-31T16:11:21-05:00,1
2020-10-31T22:32:58-05:00,1
2020-11-01T02:50:23-06:00,1
2020-11-01T03:54:22-06:00,1
2020-11-01T15:41:45-06:00,1
2020-11-01T18:43:22-06:00,1
2020-11-01T20:25:19-06:00,1
2020-11-01T21:44:51-06:00,1
2020-11-01T22:59:07-06:00,1
2020-11-02T04:53:26-06:00,1
2020-11-02T16:06:01-06:00,1
2020-11-04T01:47:09-06:00,1
2020-11-06T21:54:53-06:00,1
2020-11-11T03:28:47-06:00,1
2020-11-17T17:35:13-06:00,1
2020-11-25T00:06:12-06:00,1
2020-11-26T02:11:16-06:00,1
2020-12-07T04:37:50-06:00,1
2020-12-14T14:34:18-06:00,1
2020-12-14T14:43:23-06:00,1
2020-12-14T14:50:18-06:00,1
2020-12-14T15:14:58-06:00,1
2020-12-14T16:05:19-06:00,1
2020-12-14T16:19:02-06:00,1
2020-12-14T16:47:52-06:00,1
2020-12-14T17:47:19-06:00,1
2020-12-14T18:19:20-06:00,1
2020-12-14T20:28:58-06:00,1
2020-12-14T21:13:05-06:00,1
2020-12-15T01:27:35-06:00,1
2020-12-15T02:44:34-06:00,1
2020-12-15T03:26:36-06:00,1
2020-12-15T13:47:04-06:00,1
2020-12-15T19:52:41-06:00,1
2020-12-16T13:32:08-06:00,1
2020-12-19T00:22:22-06:00,1
2021-01-29T01:51:21-06:00,1
2021-03-05T17:17:40-06:00,1
2021-03-30T11:46:18-05:00,1
2021-04-06T14:50:54-05:00,1
2021-05-04T22:01:48-05:00,1
2021-05-07T13:24:46-05:00,1
